{
	"credit": "Made with Blockbench",
	"texture_size": [32, 32],
	"textures": {
		"0": "./spraycan",
		"particle": "./spraycan"
	},
	"elements": [
		{
			"name": "can",
			"from": [5, 1, 5],
			"to": [11, 11, 11],
			"faces": {
				"north": {"uv": [0, 0, 7.38462, 12.30769], "texture": "#0"},
				"east": {"uv": [0, 0, 7.38462, 12.30769], "texture": "#0"},
				"south": {"uv": [0, 0, 7.38462, 12.30769], "texture": "#0"},
				"west": {"uv": [0, 0, 7.38462, 12.30769], "texture": "#0"},
				"up": {"uv": [7.38462, 0, 14.76923, 7.38462], "texture": "#0"},
				"down": {"uv": [7.38462, 0, 14.76923, 7.38462], "texture": "#0"}
			}
		},
		{
			"name": "needle",
			"from": [7, 12, 4],
			"to": [9, 13, 6],
			"faces": {
				"north": {"uv": [8.61538, 1.23077, 9.84615, 2.46154], "texture": "#0"},
				"east": {"uv": [8.61538, 1.23077, 9.84615, 2.46154], "texture": "#0"},
				"south": {"uv": [3.5, 1.75, 4, 2], "texture": "#0"},
				"west": {"uv": [8.61538, 1.23077, 9.84615, 2.46154], "texture": "#0"},
				"up": {"uv": [8.61538, 1.23077, 9.84615, 2.46154], "texture": "#0"},
				"down": {"uv": [8.61538, 8.61538, 9.84615, 9.84615], "texture": "#0"}
			}
		},
		{
			"name": "top",
			"from": [6, 11, 6],
			"to": [10, 14, 10],
			"faces": {
				"north": {"uv": [0, 12.30769, 4.92308, 16], "texture": "#0"},
				"east": {"uv": [0, 12.30769, 4.92308, 16], "texture": "#0"},
				"south": {"uv": [0, 12.30769, 4.92308, 16], "texture": "#0"},
				"west": {"uv": [0, 12.30769, 4.92308, 16], "texture": "#0"},
				"up": {"uv": [7.38462, 7.38462, 12.30769, 12.30769], "texture": "#0"}
			}
		}
	],
	"display": {
		"ground": {
			"scale": [1.25, 1.25, 1.25]
		},
		"gui": {
			"rotation": [0, 270, 0],
			"scale": [1.25, 1.25, 1.25]
		},
		"head": {
			"rotation": [90, 140, 90],
			"translation": [-0.5, -2, 7.75]
		},
		"fixed": {
			"rotation": [0, 90, 0],
			"scale": [0.6, 0.6, 0.6]
		}
	}
}